Campaign ID;Account;Bid Strategy Type;Day;Impressions;Clicks;Unique cookies;Conv. rate;Conversions;Engagements;Views;View rate;CTR;Start date;End date;Engagement rate;Active View avg. CPM;Avg. CPE;Avg. CPV;Avg. CPC;Avg. position;Cost;Campaign_duration
1662442764;FOX UAC MX;Target CPA;1/1/2019;483824;1959; --;2.66%;351.0;11372;52;24.30%;0.40%;12/20/2018; --;52.26%;9595264;89053;226343;2101613;1.0;4117059848;
1600102053;FOX UAC MX;Target CPA;1/1/2019;1453364;14027; --;1.19%;1376.0;106244;13583;34.69%;0.97%;10/19/2018; --;61.94%;8668362;83059;153962;1413742;1.1;19830553073;
1614511674;FOX UAC MX;Target CPA;1/1/2019;133734;467; --;24.21%;123.0;42;25;22.52%;0.35%;10/26/2018; --;35.00%;17518910;229768;300294;2806553;1.1;1310660273;
1614018411;FOX UAC MX;Target CPA;1/1/2019;146;21; --;38.10%;8.0;0;0;0.00%;14.38%;10/26/2018; --;0.00%;0;0;0;2441924;1.3;51280401;
1631933982;FOX UAC MX;Target CPA;1/1/2019;2627223;13713; --;1.04%;1059.0;88371;49;19.37%;0.52%;11/15/2018; --;86.82%;4151900;56226;272369;1080462;1.0;14816371919;
1662442764;FOX UAC MX;Target CPA;1/2/2019;738696;3904; --;3.23%;796.0;21183;4498;30.26%;0.53%;12/20/2018; --;56.96%;12823276;83649;193671;2589926;1.1;10111069510;
1600102053;FOX UAC MX;Target CPA;1/2/2019;704589;10170; --;1.72%;1522.0;80694;12635;25.41%;1.44%;10/19/2018; --;55.20%;16711843;90857;206571;1956895;1.1;19901624886;
1614018411;FOX UAC MX;Target CPA;1/2/2019;974;132; --;25.00%;33.0;0;0;0.00%;13.55%;10/26/2018; --;0.00%;0;0;0;1522576;1.3;200980000;
1631933982;FOX UAC MX;Target CPA;1/2/2019;2593137;12488; --;0.93%;1200.0;117476;56;28.57%;0.48%;11/15/2018; --;86.82%;4740245;52938;199280;1200485;1.0;14991651552;
1614511674;FOX UAC MX;Target CPA;1/2/2019;319146;1431; --;16.39%;249.0;91;56;28.28%;0.45%;10/26/2018; --;45.05%;17564568;131720;198332;2238146;1.1;3202786538;
1662442764;FOX UAC MX;Target CPA;1/3/2019;905925;4262; --;1.00%;738.0;70716;4387;30.03%;0.47%;12/20/2018; --;64.29%;11412492;69032;233247;2399473;1.0;10226552164;
1600102053;FOX UAC MX;Target CPA;1/3/2019;419296;5323; --;3.90%;1011.0;21263;3616;24.77%;1.27%;10/19/2018; --;50.51%;13176549;83698;179333;2172511;1.3;11564274737;
1614511674;FOX UAC MX;Target CPA;1/3/2019;373521;1634; --;19.51%;349.0;159;104;29.55%;0.44%;10/26/2018; --;37.15%;19144828;160321;196787;2746416;1.2;4487643333;
1614018411;FOX UAC MX;Target CPA;1/3/2019;4375;555; --;29.91%;166.0;0;0;0.00%;12.69%;10/26/2018; --;0.00%;0;0;0;2216667;1.5;1230250000;
1631933982;FOX UAC MX;Target CPA;1/3/2019;2609481;11699; --;1.12%;1126.0;89688;19;29.23%;0.45%;11/15/2018; --;84.48%;4007024;56658;290494;1278765;1.0;14960269875;
1662442764;FOX UAC MX;Target CPA;1/4/2019;1535384;5913; --;0.54%;788.0;142598;5300;29.07%;0.39%;12/20/2018; --;67.54%;6375258;59147;140818;1712489;1.0;10125945419;
1614511674;FOX UAC MX;Target CPA;1/4/2019;444866;2101; --;24.52%;603.0;369;246;30.37%;0.47%;10/26/2018; --;39.30%;23370464;148454;184915;3022332;1.2;6349919734;
1614018411;FOX UAC MX;Target CPA;1/4/2019;734;88; --;36.36%;32.0;0;0;0.00%;11.99%;10/26/2018; --;0.00%;0;0;0;1433068;1.6;126110000;
1631933982;FOX UAC MX;Target CPA;1/4/2019;3589743;13230; --;1.57%;1378.0;75430;56;26.05%;0.37%;11/15/2018; --;82.92%;2150992;50842;273846;1116340;1.0;14769182918;
1662442764;FOX UAC MX;Target CPA;1/5/2019;1082784;4629; --;0.76%;891.0;114002;138;34.33%;0.43%;12/20/2018; --;66.42%;9710206;63122;157985;2161933;1.0;10007589204;
1614018411;FOX UAC MX;Target CPA;1/5/2019;1762;183; --;37.70%;69.0;0;0;0.00%;10.39%;10/26/2018; --;0.00%;0;0;0;1567486;1.6;286850000;
1631933982;FOX UAC MX;Target CPA;1/5/2019;2711438;10549; --;2.66%;1219.0;35549;43;31.85%;0.39%;11/15/2018; --;77.23%;1985025;62954;183716;1395535;1.0;14721503863;
1614511674;FOX UAC MX;Target CPA;1/5/2019;478836;2603; --;28.04%;805.0;277;168;25.07%;0.54%;10/26/2018; --;37.89%;27860888;139991;212368;3234391;1.1;8419118686;
1662442764;FOX UAC MX;Target CPA;1/6/2019;1024064;3497; --;1.38%;428.0;27974;19;25.33%;0.34%;12/20/2018; --;66.60%;3588340;62196;194487;1091337;1.0;3816406519;
1614018411;FOX UAC MX;Target CPA;1/6/2019;754;87; --;30.68%;27.0;1;1;100.00%;11.54%;10/26/2018; --;100.00%;0;261;261;1055405;1.6;91820261;
1631933982;FOX UAC MX;Target CPA;1/6/2019;2389905;10122; --;1.56%;1237.0;69692;30;30.93%;0.42%;11/15/2018; --;78.35%;3236357;58064;182921;1465254;1.0;14831296363;
1614511674;FOX UAC MX;Target CPA;1/6/2019;266992;1918; --;28.34%;622.0;289;177;29.60%;0.72%;10/26/2018; --;39.43%;18919753;142716;166135;3291489;1.2;6313075201;
1662442764;FOX UAC MX;Target CPA;1/7/2019;510704;1688; --;0.67%;235.0;33933;43;47.25%;0.33%;12/20/2018; --;78.86%;4944567;49775;116993;1522280;1.0;2569608700;
1614511674;FOX UAC MX;Target CPA;1/7/2019;407751;2544; --;1.78%;521.0;27840;20327;33.17%;0.62%;10/26/2018; --;45.16%;10818065;95277;129483;3495195;1.1;8891775658;
1614018411;FOX UAC MX;Target CPA;1/7/2019;251;27; --;25.93%;7.0;0;0;0.00%;10.76%;10/26/2018; --;0.00%;0;0;0;1002593;1.7;27070000;
1631933982;FOX UAC MX;Target CPA;1/7/2019;1349396;6184; --;0.70%;1164.0;160396;105;28.69%;0.46%;11/15/2018; --;85.61%;8519973;45639;164184;2475224;1.1;15306782940;
1662442764;FOX UAC MX;Target CPA;1/8/2019;290410;969; --;0.92%;177.0;18360;70;53.44%;0.33%;12/20/2018; --;75.69%;6886709;51174;83087;1916283;1.0;1856878186;
1614511674;FOX UAC MX;Target CPA;1/8/2019;129526;2170; --;2.53%;502.0;18498;13181;30.67%;1.68%;10/26/2018; --;42.91%;5673864;113906;159531;4010823;1.1;8703486911;
1614018411;FOX UAC MX;Target CPA;1/8/2019;48;2; --;0.00%;0.0;0;0;0.00%;4.17%;10/26/2018; --;0.00%;0;0;0;2070141;1.6;4140281;
1631933982;FOX UAC MX;Target CPA;1/8/2019;1140076;5166; --;0.68%;997.0;143502;207;28.12%;0.45%;11/15/2018; --;87.92%;8866027;45333;129376;2486814;1.1;12846881032;
1662442764;FOX UAC MX;Target CPA;1/9/2019;435822;1640; --;1.42%;263.0;17012;72;51.80%;0.38%;12/20/2018; --;66.81%;5727571;52710;68441;1476744;1.0;2421860955;
1614511674;FOX UAC MX;Target CPA;1/9/2019;136601;1926; --;25.11%;559.0;311;224;35.90%;1.41%;10/26/2018; --;46.42%;20306128;118743;148150;4569991;1.3;8801802262;
1614018411;FOX UAC MX;Target CPA;1/9/2019;24;1; --;0.00%;0.0;0;0;0.00%;4.17%;10/26/2018; --;0.00%;0;0;0;2260000;1.5;2260000;
1631933982;FOX UAC MX;Target CPA;1/9/2019;1077207;4902; --;0.96%;1009.0;101168;170;28.10%;0.46%;11/15/2018; --;84.40%;7153640;43817;126430;2271059;1.2;11132731853;
1662442764;FOX UAC MX;Target CPA;1/10/2019;381374;1165; --;1.30%;194.0;13883;69;62.16%;0.31%;12/20/2018; --;70.35%;5435159;58990;46158;1619436;1.1;1886643019;
1614018411;FOX UAC MX;Target CPA;1/10/2019;12;2; --;33.33%;1.0;1;1;100.00%;16.67%;10/26/2018; --;100.00%;0;156;156;2245078;1.4;4490156;
1631933982;FOX UAC MX;Target CPA;1/10/2019;1509328;6055; --;0.87%;884.0;96652;162;29.19%;0.40%;11/15/2018; --;85.41%;5001077;44505;120663;1711597;1.1;10363720524;
1614511674;FOX UAC MX;Target CPA;1/10/2019;81426;1862; --;25.86%;540.0;235;161;37.44%;2.29%;10/26/2018; --;44.34%;14972064;117344;142322;4610442;1.3;8584642426;
1662442764;FOX UAC MX;Target CPA;1/11/2019;368114;1298; --;0.76%;171.0;21469;40;56.34%;0.35%;12/20/2018; --;74.49%;6343187;55802;61849;1654018;1.0;2146915631;
1614018411;FOX UAC MX;Target CPA;1/11/2019;3;1; --;100.00%;1.0;0;0;0.00%;33.33%;10/26/2018; --;0.00%;0;0;0;2610000;2.3;2610000;
1631933982;FOX UAC MX;Target CPA;1/11/2019;1353203;5617; --;0.81%;866.0;102355;141;24.23%;0.42%;11/15/2018; --;79.48%;5910260;46021;119286;1768094;1.1;9931384252;
1614511674;FOX UAC MX;Target CPA;1/11/2019;66818;1793; --;25.35%;529.0;306;212;36.74%;2.68%;10/26/2018; --;47.08%;13191819;91291;111857;4738673;1.3;8496441070;
1662442764;FOX UAC MX;Target CPA;1/12/2019;744457;2772; --;1.68%;526.0;28819;38;55.88%;0.37%;12/20/2018; --;63.29%;6922178;63435;58538;1705706;1.0;4728216697;
1614511674;FOX UAC MX;Target CPA;1/12/2019;58781;1968; --;24.64%;551.0;283;193;32.06%;3.35%;10/26/2018; --;41.74%;19764916;107610;126602;4340683;1.4;8542463328;
1631933982;FOX UAC MX;Target CPA;1/12/2019;1492344;6783; --;1.27%;1188.0;87362;190;27.82%;0.45%;11/15/2018; --;72.17%;5641920;53337;116055;1902564;1.2;12905089464;
1662442764;FOX UAC MX;Target CPA;1/13/2019;934566;3816; --;2.14%;682.0;28392;54;54.55%;0.41%;12/20/2018; --;58.06%;5665354;67245;54310;1524086;1.0;5815912335;
1614511674;FOX UAC MX;Target CPA;1/13/2019;26957;1861; --;29.13%;594.0;187;122;33.33%;6.90%;10/26/2018; --;45.83%;37665041;104782;119689;4566733;1.4;8498689418;
1631933982;FOX UAC MX;Target CPA;1/13/2019;1334353;6184; --;0.93%;1232.0;127071;186;26.53%;0.46%;11/15/2018; --;74.86%;8375780;52552;133036;2521285;1.2;15591628809;
1662442764;FOX UAC MX;Target CPA;1/14/2019;379646;1324; --;1.27%;196.0;14262;23;37.70%;0.35%;12/20/2018; --;57.14%;5598948;61745;120590;1528027;1.0;2023107180;
1614511674;FOX UAC MX;Target CPA;1/14/2019;45001;1811; --;30.13%;612.0;224;148;38.05%;4.02%;10/26/2018; --;42.18%;19772731;86420;93688;4736725;1.3;8578208143;
1631933982;FOX UAC MX;Target CPA;1/14/2019;1051609;4899; --;0.77%;1112.0;140181;84;27.63%;0.47%;11/15/2018; --;73.54%;10403093;46843;140524;2544477;1.2;12465392109;
1662442764;FOX UAC MX;Target CPA;1/15/2019;674857;2738; --;1.02%;547.0;51219;35;38.89%;0.41%;12/20/2018; --;60.77%;9397340;59578;149695;2174739;1.0;5954436543;
1614511674;FOX UAC MX;Target CPA;1/15/2019;129738;3283; --;27.54%;1012.0;402;211;37.15%;2.53%;10/26/2018; --;37.36%;25991190;198512;126627;4456079;1.2;14629307229;
1631933982;FOX UAC MX;Target CPA;1/15/2019;1140320;5721; --;0.50%;1404.0;277558;91;31.27%;0.50%;11/15/2018; --;73.57%;17674936;50152;145739;3260640;1.2;18654122264;
1662442764;FOX UAC MX;Target CPA;1/16/2019;669798;2673; --;0.90%;304.0;31648;22;43.14%;0.40%;12/20/2018; --;54.91%;7449963;62761;129735;1820718;1.0;4866778483;
1614511674;FOX UAC MX;Target CPA;1/16/2019;136519;2642; --;15.66%;464.0;327;108;34.73%;1.94%;10/26/2018; --;28.91%;25247099;294705;134500;4343786;1.2;11476283667;
1631933982;FOX UAC MX;Target CPA;1/16/2019;887968;3850; --;0.39%;405.0;102111;37;33.94%;0.43%;11/15/2018; --;63.61%;11116045;55447;109983;2501306;1.2;9630027223;
1662442764;FOX UAC MX;Target CPA;1/17/2019;520229;2318; --;0.02%;10.0;50993;32572;46.59%;0.45%;12/20/2018; --;50.68%;4937581;38507;27635;1522250;1.0;3528575153;
1614511674;FOX UAC MX;Target CPA;1/17/2019;105976;1680; --;1.62%;34.0;420;86;37.07%;1.59%;10/26/2018; --;19.24%;20754548;305712;115653;4712901;1.3;7917673666;
1680860397;FOX UAC MX;Target CPA;1/17/2019;20414;357; --;0.84%;3.0;0;0;0.00%;1.75%;1/17/2019; --;0.00%;5918203;0;0;9419608;1.1;3362800000;
1631933982;FOX UAC MX;Target CPA;1/17/2019;391040;1620; --;0.07%;18.0;25979;20;41.67%;0.41%;11/15/2018; --;54.38%;11311359;70264;92288;2623067;1.5;4249368075;
1662442764;FOX UAC MX;Target CPA;1/18/2019;252187;1435; --;0.02%;7.0;32815;29613;44.35%;0.57%;12/20/2018; --;44.10%;3676951;50318;44299;1597877;1.0;2292953068;
1680860397;FOX UAC MX;Target CPA;1/18/2019;9604;242; --;0.69%;2.0;50;46;41.44%;2.52%;1/17/2019; --;34.01%;6136786;82606;14554;12599287;1.3;3049027531;
1631933982;FOX UAC MX;Target CPA;1/18/2019;310563;1300; --;0.11%;23.0;20417;21;23.60%;0.42%;11/15/2018; --;65.83%;10087444;60753;164451;2134679;1.7;2775082997;
1614511674;FOX UAC MX;Target CPA;1/18/2019;90836;877; --;2.09%;28.0;467;93;33.57%;0.97%;10/26/2018; --;25.56%;12323646;293758;151459;5707255;1.4;5005263073;
1662442764;FOX UAC MX;Target CPA;1/19/2019;53681;309; --;0.36%;3.0;546;32;31.07%;0.58%;12/20/2018; --;28.81%;11476565;213101;267083;2085901;1.1;644543440;
1680860397;FOX UAC MX;Target CPA;1/19/2019;8755;356; --;3.30%;12.0;8;1;100.00%;4.07%;1/17/2019; --;16.00%;7006115;419053;40344;8370456;1.5;2979882420;
1631933982;FOX UAC MX;Target CPA;1/19/2019;186431;1253; --;0.56%;19.0;2172;41;21.24%;0.67%;11/15/2018; --;63.71%;20419735;75821;171891;1989811;2.0;2493232879;
1614511674;FOX UAC MX;Target CPA;1/19/2019;89175;760; --;1.99%;23.0;410;162;36.24%;0.85%;10/26/2018; --;38.32%;22267127;284428;152849;4718785;1.3;3586276515;
1662442764;FOX UAC MX;Target CPA;1/20/2019;65930;648; --;0.93%;9.0;323;20;20.20%;0.98%;12/20/2018; --;54.10%;34715022;157940;459482;2320998;1.2;1504006859;
1614511674;FOX UAC MX;Target CPA;1/20/2019;232935;2082; --;1.73%;42.0;369;179;27.45%;0.89%;10/26/2018; --;30.93%;39949219;208635;184235;2638176;1.2;5492682101;
1680860397;FOX UAC MX;Target CPA;1/20/2019;6691;411; --;3.41%;14.0;0;0;0.00%;6.14%;1/17/2019; --;0.00%;0;0;0;7274550;1.6;2989840000;
1631933982;FOX UAC MX;Target CPA;1/20/2019;324831;2625; --;1.55%;73.0;2098;47;23.74%;0.81%;11/15/2018; --;66.99%;35775647;72613;184580;2176742;1.5;5713947957;
1662442764;FOX UAC MX;Target CPA;1/21/2019;25837;147; --;0.28%;1.0;205;0;0.00%;0.57%;12/20/2018; --;87.23%;14892983;53316;0;2104158;1.2;309311207;
1680860397;FOX UAC MX;Target CPA;1/21/2019;4526;344; --;3.78%;13.0;0;0;0.00%;7.60%;1/17/2019; --;0.00%;0;0;0;4218841;1.7;1451281143;
1631933982;FOX UAC MX;Target CPA;1/21/2019;132977;598; --;0.21%;5.0;1858;41;29.93%;0.45%;11/15/2018; --;74.74%;11709523;62894;99664;1879488;1.8;1123933722;
1614511674;FOX UAC MX;Target CPA;1/21/2019;108889;399; --;1.65%;9.0;152;68;24.91%;0.37%;10/26/2018; --;36.98%;14542230;149819;228070;2754473;1.3;1099034902;
1662442764;FOX UAC MX;Target CPA;1/22/2019;31409;136; --;0.24%;1.0;281;0;0.00%;0.43%;12/20/2018; --;92.43%;13281399;43250;0;2058921;1.3;280013223;
1614511674;FOX UAC MX;Target CPA;1/22/2019;64673;251; --;1.94%;7.0;113;59;29.95%;0.39%;10/26/2018; --;46.50%;17136032;132863;164455;2538486;1.5;637160073;
1680860397;FOX UAC MX;Target CPA;1/22/2019;4955;406; --;3.69%;15.0;1;0;0.00%;8.19%;1/17/2019; --;50.00%;28561250;228490;0;4653271;1.7;1889227839;
1631933982;FOX UAC MX;Target CPA;1/22/2019;171853;626; --;0.45%;13.0;2261;53;30.29%;0.36%;11/15/2018; --;76.62%;14386480;67614;92661;2404715;1.9;1505351588;
1662442764;FOX UAC MX;Target CPA;1/23/2019;33228;186; --;0.41%;2.0;297;0;0.00%;0.56%;12/20/2018; --;94.59%;17837260;41759;0;2076586;1.3;386245043;
1680860397;FOX UAC MX;Target CPA;1/23/2019;4191;358; --;6.42%;23.0;0;0;0.00%;8.54%;1/17/2019; --;0.00%;0;0;0;4654684;1.7;1666376812;
1631933982;FOX UAC MX;Target CPA;1/23/2019;154982;671; --;0.36%;11.0;2383;20;20.62%;0.43%;11/15/2018; --;81.25%;16910373;58935;236689;2217760;1.9;1488117036;
1614511674;FOX UAC MX;Target CPA;1/23/2019;68320;286; --;1.46%;5.0;59;39;28.47%;0.42%;10/26/2018; --;37.82%;19527418;152292;215415;2382954;1.5;681524744;
1662442764;FOX UAC MX;Target CPA;1/24/2019;36030;198; --;0.70%;4.0;374;1;33.33%;0.55%;12/20/2018; --;95.65%;17569003;47140;218;2429385;1.3;481018175;
1680860397;FOX UAC MX;Target CPA;1/24/2019;5640;424; --;4.38%;19.0;10;2;66.67%;7.52%;1/17/2019; --;71.43%;18412460;98213;30752;5357364;1.8;2271522126;
1631933982;FOX UAC MX;Target CPA;1/24/2019;117145;511; --;0.31%;9.0;2381;12;19.67%;0.44%;11/15/2018; --;86.08%;17720585;55770;205311;2125624;1.6;1086194009;
1614511674;FOX UAC MX;Target CPA;1/24/2019;56340;321; --;1.88%;7.0;56;31;30.39%;0.57%;10/26/2018; --;39.44%;27159034;148053;183627;2399596;1.5;770270446;
1662442764;FOX UAC MX;Target CPA;1/25/2019;42305;215; --;0.37%;1.0;56;1;100.00%;0.51%;12/20/2018; --;98.25%;14743492;26876;6;2034268;1.2;437367700;
1680860397;FOX UAC MX;Target CPA;1/25/2019;6557;454; --;5.50%;26.0;19;3;37.50%;6.92%;1/17/2019; --;70.37%;23444224;84766;171337;6071287;1.7;2756364477;
1631933982;FOX UAC MX;Target CPA;1/25/2019;86792;348; --;1.96%;9.0;117;23;31.08%;0.40%;11/15/2018; --;58.50%;12530066;74513;128873;1686696;1.4;586970231;
1614511674;FOX UAC MX;Target CPA;1/25/2019;91861;459; --;1.37%;7.0;53;29;26.61%;0.50%;10/26/2018; --;36.30%;16845305;134662;182966;1699404;1.3;780026492;
1662442764;FOX UAC MX;Target CPA;1/26/2019;62477;699; --;0.70%;6.0;153;0;0.00%;1.12%;12/20/2018; --;95.62%;34329666;46154;0;2473802;1.2;1729187301;
1680860397;FOX UAC MX;Target CPA;1/26/2019;9104;633; --;5.51%;37.0;40;3;42.86%;6.95%;1/17/2019; --;88.89%;96813147;80705;158381;6079895;1.5;3848573584;
1631933982;FOX UAC MX;Target CPA;1/26/2019;116377;1177; --;1.89%;25.0;154;27;25.23%;1.01%;11/15/2018; --;67.84%;47198614;52157;139049;2205009;1.2;2595295864;
1614511674;FOX UAC MX;Target CPA;1/26/2019;147941;1228; --;1.82%;25.0;153;75;28.63%;0.83%;10/26/2018; --;43.47%;40264036;141357;172475;2237039;1.2;2747083842;
1662442764;FOX UAC MX;Target CPA;1/27/2019;88618;550; --;1.22%;10.0;268;0;0.00%;0.62%;12/20/2018; --;96.06%;16914374;38732;0;2174517;1.1;1195984566;
1680860397;FOX UAC MX;Target CPA;1/27/2019;9998;679; --;6.55%;47.0;40;4;26.67%;6.79%;1/17/2019; --;36.36%;27524036;315078;259657;5530608;1.4;3755282958;
1631933982;FOX UAC MX;Target CPA;1/27/2019;186448;807; --;1.66%;17.0;221;42;28.57%;0.43%;11/15/2018; --;63.69%;15650600;86468;193798;2036568;1.1;1643510707;
1614511674;FOX UAC MX;Target CPA;1/27/2019;147380;684; --;1.48%;13.0;205;92;24.73%;0.46%;10/26/2018; --;35.10%;19800276;214672;201893;2235764;1.2;1529262533;
1662442764;FOX UAC MX;Target CPA;1/28/2019;41102;159; --;1.64%;4.0;85;1;100.00%;0.39%;12/20/2018; --;92.39%;9661769;35405;6;1808009;1.2;287473387;
1680860397;FOX UAC MX;Target CPA;1/28/2019;7945;390; --;4.50%;20.0;54;10;27.03%;4.91%;1/17/2019; --;38.30%;9069404;311337;209574;4267232;1.4;1664220610;
1631933982;FOX UAC MX;Target CPA;1/28/2019;103877;283; --;1.20%;5.0;135;22;21.15%;0.27%;11/15/2018; --;69.23%;7802015;56047;192849;1757481;1.1;497367011;
1614511674;FOX UAC MX;Target CPA;1/28/2019;78492;354; --;1.67%;7.0;69;37;23.57%;0.45%;10/26/2018; --;37.70%;15834222;115894;181206;1903999;1.2;674015679;
1662442764;FOX UAC MX;Target CPA;1/29/2019;32292;175; --;2.16%;5.0;57;0;0.00%;0.54%;12/20/2018; --;81.43%;19636439;29218;0;2127752;1.2;372356513;
1680860397;FOX UAC MX;Target CPA;1/29/2019;12723;326; --;4.89%;32.0;334;110;27.50%;2.56%;1/17/2019; --;43.55%;10169289;214481;291550;4398577;1.2;1433936178;
1631933982;FOX UAC MX;Target CPA;1/29/2019;83199;345; --;0.42%;4.0;626;263;18.15%;0.41%;11/15/2018; --;40.34%;17289611;123563;277223;2147332;1.2;740829465;
1614511674;FOX UAC MX;Target CPA;1/29/2019;211174;2599; --;0.04%;18.0;47318;31644;25.74%;1.23%;10/26/2018; --;38.48%;3567821;140081;209374;2916767;1.1;7580676767;
1662442764;FOX UAC MX;Target CPA;1/30/2019;68379;469; --;1.25%;7.0;89;3;60.00%;0.69%;12/20/2018; --;88.12%;24235464;47174;236904;2621528;1.1;1229496665;
1614511674;FOX UAC MX;Target CPA;1/30/2019;479439;5645; --;0.04%;53.0;131704;86266;23.16%;1.18%;10/26/2018; --;35.35%;1705319;154866;236404;3811208;1.0;21514269188;
1680860397;FOX UAC MX;Target CPA;1/30/2019;12967;423; --;1.93%;21.0;681;332;30.35%;3.26%;1/17/2019; --;37.58%;13240553;241958;277882;3231866;1.2;1367079309;
1631933982;FOX UAC MX;Target CPA;1/30/2019;623243;6893; --;0.04%;57.0;148689;78380;20.10%;1.11%;11/15/2018; --;38.11%;4337295;152025;288331;3705118;1.1;25539379303;
1662442764;FOX UAC MX;Target CPA;1/31/2019;113975;581; --;9.26%;63.0;99;0;0.00%;0.51%;12/20/2018; --;94.29%;23493337;34494;0;2564362;1.1;1489894487;
1614511674;FOX UAC MX;Target CPA;1/31/2019;124097;867; --;0.73%;104.0;13886;9155;22.19%;0.70%;10/26/2018; --;33.65%;10367914;182932;277442;4063934;1.1;3523430704;
1680860397;FOX UAC MX;Target CPA;1/31/2019;17878;337; --;3.00%;71.0;2076;1341;32.10%;1.88%;1/17/2019; --;40.21%;7395394;186208;230363;3870791;1.1;1304456561;
1631933982;FOX UAC MX;Target CPA;1/31/2019;639523;7557; --;0.38%;507.0;131373;67487;19.13%;1.18%;11/15/2018; --;37.22%;5363641;143244;278715;2906469;1.1;21964188781;
1662442764;FOX UAC MX;Target CPA;2/1/2019;39711;284; --;11.93%;81.0;398;0;0.00%;0.72%;12/20/2018; --;95.22%;25585246;46837;0;1881903;1.2;534460320;
1614511674;FOX UAC MX;Target CPA;2/1/2019;21802;136; --;25.35%;54.0;78;50;29.76%;0.62%;10/26/2018; --;45.35%;29730798;124186;182673;2185773;1.1;297265106;
1680860397;FOX UAC MX;Target CPA;2/1/2019;21040;454; --;10.50%;163.0;1115;519;39.50%;2.16%;1/17/2019; --;50.20%;7108671;121712;178184;3505325;1.2;1591417687;
1631933982;FOX UAC MX;Target CPA;2/1/2019;169732;2941; --;0.50%;283.0;56732;30817;23.21%;1.73%;11/15/2018; --;42.26%;1496062;89813;163070;1840652;1.0;5413358864;
1662442764;FOX UAC MX;Target CPA;2/2/2019;76303;1548; --;26.53%;513.0;394;0;0.00%;2.03%;12/20/2018; --;93.81%;43528259;64040;0;2657484;1.1;4113785921;
1680860397;FOX UAC MX;Target CPA;2/2/2019;33933;1370; --;22.94%;426.0;488;46;37.40%;4.04%;1/17/2019; --;58.16%;15238930;152330;193013;3810974;1.2;5221034116;
1631933982;FOX UAC MX;Target CPA;2/2/2019;92197;797; --;9.95%;193.0;1161;61;27.73%;0.86%;11/15/2018; --;87.16%;41701210;53432;175918;1276257;1.1;1017176460;
1614511674;FOX UAC MX;Target CPA;2/2/2019;97464;872; --;46.83%;413.0;10;3;20.00%;0.89%;10/26/2018; --;47.62%;44528468;250359;330275;2198704;1.1;1917269893;
1662442764;FOX UAC MX;Target CPA;2/3/2019;319280;4128; --;26.59%;1603.0;1913;0;0.00%;1.29%;12/20/2018; --;94.94%;50627118;53861;0;3954501;1.1;16324181852;
1614511674;FOX UAC MX;Target CPA;2/3/2019;386238;4282; --;44.11%;1904.0;34;5;31.25%;1.11%;10/26/2018; --;53.12%;63832329;143579;273796;2779839;1.1;11903272343;
1680860397;FOX UAC MX;Target CPA;2/3/2019;30634;1219; --;28.15%;349.0;21;8;44.44%;3.98%;1/17/2019; --;48.84%;4083828;77246;137232;4309146;1.1;5252848922;
1631933982;FOX UAC MX;Target CPA;2/3/2019;228091;1811; --;25.02%;781.0;1320;60;22.30%;0.79%;11/15/2018; --;83.07%;49445094;72629;197756;2568564;1.1;4651668880;
1662442764;FOX UAC MX;Target CPA;2/4/2019;417295;3084; --;12.40%;772.0;3158;0;0.00%;0.74%;12/20/2018; --;94.24%;14710341;47700;0;5006880;1.1;15441217859;
1680860397;FOX UAC MX;Target CPA;2/4/2019;25189;1792; --;26.07%;474.0;26;2;40.00%;7.11%;1/17/2019; --;30.23%;12021858;262834;235900;3054853;1.2;5474296980;
1631933982;FOX UAC MX;Target CPA;2/4/2019;163963;618; --;4.14%;177.0;3677;66;20.56%;0.38%;11/15/2018; --;90.12%;19231135;55030;200575;2396269;1.1;1480894072;
1614511674;FOX UAC MX;Target CPA;2/4/2019;519563;2990; --;29.39%;903.0;83;10;34.48%;0.58%;10/26/2018; --;77.57%;20756142;164111;242415;2896347;1.1;8660078926;
1662442764;FOX UAC MX;Target CPA;2/5/2019;284038;2220; --;7.80%;456.0;3642;2;40.00%;0.78%;12/20/2018; --;84.05%;15104405;61525;250738;4989270;1.1;11076179266;
1676091351;FOX UAC MX;Target CPA;2/5/2019;492;0; --;0.00%;0.0;0;0;0.00%;0.00%;1/11/2019; --;0.00%;0;0;0;0;1.2;0;
1680860397;FOX UAC MX;Target CPA;2/5/2019;23733;1415; --;24.85%;363.0;46;0;0.00%;5.96%;1/17/2019; --;54.76%;8657847;109551;0;3841660;1.1;5435949331;
1631933982;FOX UAC MX;Target CPA;2/5/2019;326758;1372; --;2.96%;209.0;5733;42;21.43%;0.42%;11/15/2018; --;87.37%;17419477;58556;202788;1742233;1.1;2390343131;
1614511674;FOX UAC MX;Target CPA;2/5/2019;246647;2116; --;22.25%;491.0;91;2;12.50%;0.86%;10/26/2018; --;77.12%;21020454;110632;665301;2782436;1.1;5887635247;
1662442764;FOX UAC MX;Target CPA;2/6/2019;509953;4514; --;14.41%;1056.0;2839;3;30.00%;0.89%;12/20/2018; --;66.42%;27196412;94598;240362;3720760;1.1;16795511751;
1676091351;FOX UAC MX;Target CPA;2/6/2019;1831;16; --;12.50%;2.0;0;0;0.00%;0.87%;1/11/2019; --;0.00%;52936890;0;0;4691606;1.2;75065702;
1680860397;FOX UAC MX;Target CPA;2/6/2019;18722;1295; --;26.37%;346.0;20;4;28.57%;6.92%;1/17/2019; --;28.17%;13300290;512540;335749;4117589;1.3;5332277738;
1631933982;FOX UAC MX;Target CPA;2/6/2019;386894;2438; --;12.93%;748.0;3394;88;25.88%;0.63%;11/15/2018; --;74.02%;35634442;64191;166327;2684251;1.1;6544202874;
1614511674;FOX UAC MX;Target CPA;2/6/2019;308657;3089; --;28.32%;906.0;112;0;0.00%;1.00%;10/26/2018; --;30.35%;40119881;342766;0;3431321;1.1;10599351634;
1662442764;FOX UAC MX;Target CPA;2/7/2019;637378;3112; --;10.97%;519.0;1637;0;0.00%;0.49%;12/20/2018; --;64.75%;12238185;68619;0;3912411;1.1;12175424538;
1614511674;FOX UAC MX;Target CPA;2/7/2019;248379;1687; --;20.58%;363.0;77;5;62.50%;0.68%;10/26/2018; --;38.12%;18219218;261776;146008;2871872;1.1;4844847716;
1676091351;FOX UAC MX;Target CPA;2/7/2019;1647;16; --;31.25%;5.0;0;0;0.00%;0.97%;1/11/2019; --;0.00%;20841300;0;0;9448125;1.2;151170000;
1680860397;FOX UAC MX;Target CPA;2/7/2019;22544;1244; --;24.48%;308.0;17;9;56.25%;5.52%;1/17/2019; --;19.77%;1778221;190162;127276;3448279;1.2;4289659582;
1631933982;FOX UAC MX;Target CPA;2/7/2019;169203;642; --;3.38%;151.0;3876;71;23.59%;0.38%;11/15/2018; --;74.83%;15793553;65401;206843;3149372;1.1;2021896563;
1662442764;FOX UAC MX;Target CPA;2/8/2019;327693;2304; --;13.28%;416.0;832;2;33.33%;0.70%;12/20/2018; --;72.41%;11759956;76729;423437;5226784;1.1;12042510840;
1614511674;FOX UAC MX;Target CPA;2/8/2019;86117;1182; --;24.09%;290.0;22;1;20.00%;1.37%;10/26/2018; --;41.51%;22240293;105463;268272;2843223;1.1;3360689616;
1676091351;FOX UAC MX;Target CPA;2/8/2019;3073;14; --;42.86%;6.0;0;0;0.00%;0.46%;1/11/2019; --;0.00%;0;0;0;9468571;1.1;132560000;
1680860397;FOX UAC MX;Target CPA;2/8/2019;16312;1004; --;24.66%;253.0;23;11;42.31%;6.15%;1/17/2019; --;38.98%;6849910;256809;181787;3567000;1.3;3581267817;
1631933982;FOX UAC MX;Target CPA;2/8/2019;148588;905; --;4.59%;169.0;2817;76;22.22%;0.61%;11/15/2018; --;71.84%;17828913;75517;205900;1952942;1.1;1767412152;
1662442764;FOX UAC MX;Target CPA;2/9/2019;239043;2257; --;18.75%;509.0;462;3;60.00%;0.94%;12/20/2018; --;51.85%;13847287;129749;108293;5344754;1.1;12063110114;
1676091351;FOX UAC MX;Target CPA;2/9/2019;6310;34; --;32.35%;11.0;0;0;0.00%;0.54%;1/11/2019; --;0.00%;9931966;0;0;7212158;1.1;245213378;
1680860397;FOX UAC MX;Target CPA;2/9/2019;21664;1305; --;29.84%;398.0;32;22;50.00%;6.02%;1/17/2019; --;28.83%;3018090;190280;183254;4102450;1.3;5353697414;
1631933982;FOX UAC MX;Target CPA;2/9/2019;603253;4503; --;11.17%;1110.0;5488;101;18.20%;0.75%;11/15/2018; --;54.85%;19049944;107879;267527;2061349;1.1;9282253867;
1614511674;FOX UAC MX;Target CPA;2/9/2019;315420;5131; --;31.93%;1658.0;64;3;23.08%;1.63%;10/26/2018; --;25.91%;47158788;251493;245505;2706780;1.1;13888488316;
1662442764;FOX UAC MX;Target CPA;2/10/2019;220882;2442; --;15.51%;465.0;569;9;40.91%;1.11%;12/20/2018; --;46.00%;7375753;167500;189549;4928707;1.0;12035902184;
1676091351;FOX UAC MX;Target CPA;2/10/2019;7414;83; --;28.92%;24.0;0;0;0.00%;1.12%;1/11/2019; --;0.00%;51246299;0;0;7691822;1.1;638421219;
1680860397;FOX UAC MX;Target CPA;2/10/2019;21707;1321; --;27.83%;379.0;44;24;35.29%;6.09%;1/17/2019; --;28.21%;3840022;269318;201144;4038196;1.3;5334457323;
1631933982;FOX UAC MX;Target CPA;2/10/2019;386043;3318; --;5.98%;586.0;6551;112;23.24%;0.86%;11/15/2018; --;69.29%;16468859;76740;211150;1930871;1.1;6406631183;
1614511674;FOX UAC MX;Target CPA;2/10/2019;232594;3675; --;27.88%;1033.0;30;5;33.33%;1.58%;10/26/2018; --;49.18%;27881130;139291;81779;2746840;1.1;10094637833;
1662442764;FOX UAC MX;Target CPA;2/11/2019;206510;1781; --;13.80%;294.0;355;9;40.91%;0.86%;12/20/2018; --;51.15%;4260883;117985;280356;4578951;1.0;8155112324;
1614511674;FOX UAC MX;Target CPA;2/11/2019;113759;1353; --;26.73%;366.0;16;4;66.67%;1.19%;10/26/2018; --;43.24%;15218919;168576;88162;3084386;1.2;4173174063;
1676091351;FOX UAC MX;Target CPA;2/11/2019;9408;44; --;22.73%;10.0;0;0;0.00%;0.47%;1/11/2019; --;0.00%;12375407;0;0;7138344;1.1;314087130;
1680860397;FOX UAC MX;Target CPA;2/11/2019;23390;1012; --;29.72%;310.0;36;20;46.51%;4.33%;1/17/2019; --;23.23%;2158990;501938;134087;4365672;1.2;4418060000;
1631933982;FOX UAC MX;Target CPA;2/11/2019;353071;2475; --;5.61%;272.0;2412;101;19.13%;0.70%;11/15/2018; --;63.12%;8593832;77964;336078;1452454;1.1;3594822902;
1662442764;FOX UAC MX;Target CPA;2/12/2019;323775;2528; --;13.20%;502.0;1293;6;26.09%;0.78%;12/20/2018; --;52.97%;7743322;147385;407197;4271909;1.1;10799384910;
1676091351;FOX UAC MX;Target CPA;2/12/2019;15651;38; --;34.21%;13.0;0;0;0.00%;0.24%;1/11/2019; --;0.00%;11623018;0;0;7746288;1.1;294358940;
1680860397;FOX UAC MX;Target CPA;2/12/2019;18696;748; --;30.99%;243.0;37;12;36.36%;4.00%;1/17/2019; --;22.02%;4239666;468848;210673;6604034;1.3;4939817793;
1631933982;FOX UAC MX;Target CPA;2/12/2019;232005;1681; --;6.96%;214.0;1412;143;20.94%;0.72%;11/15/2018; --;68.74%;10058325;84066;319120;1532074;1.1;2575416567;
1614511674;FOX UAC MX;Target CPA;2/12/2019;75146;1138; --;27.56%;315.0;5;0;0.00%;1.51%;10/26/2018; --;50.00%;25619763;200915;0;3757866;1.2;4276451262;
1662442764;FOX UAC MX;Target CPA;2/13/2019;276482;2085; --;11.40%;435.0;1763;6;30.00%;0.75%;12/20/2018; --;67.50%;6997746;137394;298479;3407503;1.1;7104642730;
1614511674;FOX UAC MX;Target CPA;2/13/2019;78809;1346; --;35.41%;478.0;4;3;75.00%;1.71%;10/26/2018; --;40.00%;41798550;41244;37282;3497411;1.2;4707515634;
1676091351;FOX UAC MX;Target CPA;2/13/2019;7223;45; --;17.78%;8.0;0;0;0.00%;0.62%;1/11/2019; --;0.00%;28491450;0;0;9736466;1.1;438140964;
1680860397;FOX UAC MX;Target CPA;2/13/2019;14447;692; --;33.19%;239.0;29;11;37.93%;4.79%;1/17/2019; --;25.44%;4495646;358175;148634;5519094;1.3;3819212715;
1631933982;FOX UAC MX;Target CPA;2/13/2019;97665;669; --;3.39%;137.0;3389;95;19.47%;0.68%;11/15/2018; --;84.32%;14128612;69635;338251;2259587;1.1;1511663469;
1662442764;FOX UAC MX;Target CPA;2/14/2019;557326;2746; --;8.94%;476.0;2632;11;42.31%;0.49%;12/20/2018; --;42.85%;5879635;169001;189531;3085903;1.0;8473889932;
1614511674;FOX UAC MX;Target CPA;2/14/2019;54783;711; --;31.25%;230.0;25;0;0.00%;1.30%;10/26/2018; --;40.32%;22854080;197327;0;4515814;1.2;3210744107;
1676091351;FOX UAC MX;Target CPA;2/14/2019;10;0; --;0.00%;0.0;0;0;0.00%;0.00%;1/11/2019; --;0.00%;0;0;0;0;1.0;0;
1614018411;FOX UAC MX;Target CPA;2/14/2019;47;2; --;0.00%;0.0;0;0;0.00%;4.26%;10/26/2018; --;0.00%;0;0;0;10000;1.0;20000;
1680860397;FOX UAC MX;Target CPA;2/14/2019;15693;749; --;23.65%;180.0;12;11;35.48%;4.77%;1/17/2019; --;36.36%;0;220705;240769;4284930;1.3;3209412411;
1631933982;FOX UAC MX;Target CPA;2/14/2019;71790;304; --;2.36%;41.0;1447;0;0.00%;0.42%;11/15/2018; --;60.62%;8218959;96647;0;2094263;1.1;636655953;
1662442764;FOX UAC MX;Target CPA;2/15/2019;339097;2401; --;9.01%;539.0;3636;1;7.69%;0.71%;12/20/2018; --;46.95%;11837921;166563;1764760;3892481;1.1;9345848049;
1614511674;FOX UAC MX;Target CPA;2/15/2019;92722;1013; --;36.08%;368.0;7;0;0.00%;1.09%;10/26/2018; --;14.89%;38545858;359070;0;3886340;1.1;3936862735;
1676091351;FOX UAC MX;Target CPA;2/15/2019;86;0; --;0.00%;0.0;0;0;0.00%;0.00%;1/11/2019; --;0.00%;0;0;0;0;1.0;0;
1614018411;FOX UAC MX;Target CPA;2/15/2019;1228;3; --;0.00%;0.0;0;0;0.00%;0.24%;10/26/2018; --;0.00%;49670;0;0;19222;1.0;57667;
1680860397;FOX UAC MX;Target CPA;2/15/2019;41408;1524; --;22.47%;347.0;20;18;28.12%;3.68%;1/17/2019; --;31.25%;0;230687;256319;3747333;1.2;5710935444;
1662442764;FOX UAC MX;Target CPA;2/16/2019;681609;3291; --;9.44%;579.0;2912;1;12.50%;0.48%;12/20/2018; --;44.11%;6017752;143701;764311;2977753;1.1;9799784917;
1614511674;FOX UAC MX;Target CPA;2/16/2019;90982;1271; --;37.63%;488.0;26;0;0.00%;1.40%;10/26/2018; --;24.53%;30555641;293848;0;4389040;1.1;5578470121;
1676091351;FOX UAC MX;Target CPA;2/16/2019;182;0; --;0.00%;0.0;0;0;0.00%;0.00%;1/11/2019; --;0.00%;0;0;0;0;1.0;0;
1614018411;FOX UAC MX;Target CPA;2/16/2019;15;0; --;0.00%;0.0;1;1;50.00%;0.00%;10/26/2018; --;50.00%;0;12;12;0;1.9;12;
1680860397;FOX UAC MX;Target CPA;2/16/2019;40255;1481; --;26.95%;404.0;20;17;27.87%;3.68%;1/17/2019; --;31.75%;10477320;279042;266654;3485959;1.2;5162705438;
1662442764;FOX UAC MX;Target CPA;2/17/2019;660281;3429; --;13.69%;716.0;1841;0;0.00%;0.52%;12/20/2018; --;38.57%;6451888;193942;0;3294123;1.1;11295548998;
1676091351;FOX UAC MX;Target CPA;2/17/2019;276;0; --;0.00%;0.0;0;0;0.00%;0.00%;1/11/2019; --;0.00%;0;0;0;0;1.0;0;
1614018411;FOX UAC MX;Target CPA;2/17/2019;122;13; --;23.08%;3.0;0;0;0.00%;10.66%;10/26/2018; --;0.00%;0;0;0;4510001;1.7;58630012;
1680860397;FOX UAC MX;Target CPA;2/17/2019;42701;1537; --;27.17%;422.0;16;12;42.86%;3.60%;1/17/2019; --;29.09%;9182963;252458;172847;3742589;1.2;5752359595;
1614511674;FOX UAC MX;Target CPA;2/17/2019;167161;2371; --;40.17%;964.0;30;0;0.00%;1.42%;10/26/2018; --;16.04%;34996019;565877;0;4581996;1.1;10863913352;
1662442764;FOX UAC MX;Target CPA;2/18/2019;159667;1177; --;11.88%;242.0;866;0;0.00%;0.74%;12/20/2018; --;59.11%;6208326;98745;0;3720654;1.2;4379210225;
1614511674;FOX UAC MX;Target CPA;2/18/2019;115009;1124; --;39.04%;445.0;16;0;0.00%;0.98%;10/26/2018; --;39.02%;20311659;292834;0;5178835;1.1;5821010723;
1676091351;FOX UAC MX;Target CPA;2/18/2019;148;0; --;0.00%;0.0;0;0;0.00%;0.00%;1/11/2019; --;0.00%;0;0;0;0;1.0;0;
1614018411;FOX UAC MX;Target CPA;2/18/2019;1911;135; --;17.04%;23.0;0;0;0.00%;7.06%;10/26/2018; --;0.00%;0;0;0;3394832;1.4;458302361;
1680860397;FOX UAC MX;Target CPA;2/18/2019;18901;826; --;28.59%;237.0;3;2;33.33%;4.37%;1/17/2019; --;27.27%;408519;167328;240370;3630061;1.3;2998430741;
1662442764;FOX UAC MX;Target CPA;2/21/2019;21803;500; --;10.37%;125.0;707;0;0.00%;2.29%;12/20/2018; --;96.06%;20402404;50072;0;3352895;2.5;1676447572;
1614018411;FOX UAC MX;Target CPA;2/21/2019;2482;193; --;25.91%;50.0;0;0;0.00%;7.78%;10/26/2018; --;0.00%;0;0;0;2750303;1.6;530808512;
1680860397;FOX UAC MX;Target CPA;2/21/2019;12039;688; --;23.91%;165.0;2;2;25.00%;5.71%;1/17/2019; --;16.67%;0;221207;221207;3380897;1.4;2326056802;
1614511674;FOX UAC MX;Target CPA;2/21/2019;135906;1008; --;36.71%;370.0;0;0;0.00%;0.74%;10/26/2018; --;0.00%;24814790;0;0;4984403;1.1;5024278246;
1662442764;FOX UAC MX;Target CPA;2/22/2019;57089;856; --;10.13%;209.0;1212;0;0.00%;1.50%;12/20/2018; --;88.73%;10892551;56413;0;2870595;1.9;2457228993;
1676091351;FOX UAC MX;Target CPA;2/22/2019;2;0; --;0.00%;0.0;0;0;0.00%;0.00%;1/11/2019; --;0.00%;0;0;0;0;1.0;0;
1614018411;FOX UAC MX;Target CPA;2/22/2019;4934;400; --;32.75%;131.0;0;0;0.00%;8.11%;10/26/2018; --;0.00%;0;0;0;2834425;1.5;1133769905;
1680860397;FOX UAC MX;Target CPA;2/22/2019;17401;937; --;26.46%;249.0;4;4;26.67%;5.38%;1/17/2019; --;26.67%;0;303041;303041;3006713;1.4;2817290208;
1614511674;FOX UAC MX;Target CPA;2/22/2019;222120;1519; --;32.85%;499.0;0;0;0.00%;0.68%;10/26/2018; --;0.00%;16835331;0;0;4451733;1.1;6762183128;
1662442764;FOX UAC MX;Target CPA;2/23/2019;135942;1476; --;15.00%;402.0;1226;0;0.00%;1.09%;12/20/2018; --;68.72%;7206745;65318;0;2938171;1.4;4336739805;
1614511674;FOX UAC MX;Target CPA;2/23/2019;304111;3647; --;39.99%;1461.0;6;0;0.00%;1.20%;10/26/2018; --;100.00%;41207026;83334;0;3194344;1.1;11649773327;
1676091351;FOX UAC MX;Target CPA;2/23/2019;5;0; --;0.00%;0.0;0;0;0.00%;0.00%;1/11/2019; --;0.00%;0;0;0;0;1.0;0;
1614018411;FOX UAC MX;Target CPA;2/23/2019;6627;549; --;26.91%;148.0;1;1;100.00%;8.28%;10/26/2018; --;100.00%;0;6;6;2780856;1.4;1526690006;
1680860397;FOX UAC MX;Target CPA;2/23/2019;17400;1285; --;27.94%;361.0;7;6;33.33%;7.39%;1/17/2019; --;36.84%;2333300;184660;207659;3325236;1.4;4272927727;
1662442764;FOX UAC MX;Target CPA;2/24/2019;145363;1525; --;14.11%;443.0;1630;0;0.00%;1.05%;12/20/2018; --;70.41%;9484519;67852;0;2968275;1.4;4526619648;
1614511674;FOX UAC MX;Target CPA;2/24/2019;466430;6391; --;46.46%;2969.0;0;0;0.00%;1.37%;10/26/2018; --;0.00%;49748255;0;0;3286064;1.1;21001237603;
1676091351;FOX UAC MX;Target CPA;2/24/2019;11;0; --;0.00%;0.0;0;0;0.00%;0.00%;1/11/2019; --;0.00%;0;0;0;0;1.0;0;
1614018411;FOX UAC MX;Target CPA;2/24/2019;2979;278; --;28.67%;80.0;1;1;33.33%;9.33%;10/26/2018; --;33.33%;0;74;74;2638921;1.4;733620074;
1680860397;FOX UAC MX;Target CPA;2/24/2019;19289;1400; --;28.19%;398.0;12;9;47.37%;7.26%;1/17/2019; --;54.55%;18946435;109518;97606;3151363;1.5;4411907915;
1662442764;FOX UAC MX;Target CPA;2/25/2019;87917;1026; --;11.98%;270.0;1234;0;0.00%;1.17%;12/20/2018; --;80.81%;9157416;58626;0;2999228;1.5;3077207955;
1614511674;FOX UAC MX;Target CPA;2/25/2019;248134;2321; --;40.03%;929.0;0;0;0.00%;0.94%;10/26/2018; --;0.00%;22107557;0;0;3670929;1.1;8520226288;
1676091351;FOX UAC MX;Target CPA;2/25/2019;23;0; --;0.00%;0.0;0;0;0.00%;0.00%;1/11/2019; --;0.00%;0;0;0;0;1.0;0;
1614018411;FOX UAC MX;Target CPA;2/25/2019;44;3; --;25.00%;1.0;1;1;100.00%;6.82%;10/26/2018; --;100.00%;0;6;6;2610002;1.7;7830006;
1680860397;FOX UAC MX;Target CPA;2/25/2019;14550;1004; --;27.12%;275.0;10;6;37.50%;6.90%;1/17/2019; --;52.63%;10829714;182363;253399;2878245;1.5;2889757888;
1662442764;FOX UAC MX;Target CPA;2/26/2019;74898;872; --;16.01%;246.0;667;0;0.00%;1.16%;12/20/2018; --;82.04%;6436004;60825;0;3279166;2.0;2859432687;
1614511674;FOX UAC MX;Target CPA;2/26/2019;95901;1368; --;32.19%;441.0;2;0;0.00%;1.43%;10/26/2018; --;100.00%;10748289;101374;0;4100003;1.3;5608803536;
1676091351;FOX UAC MX;Target CPA;2/26/2019;62;0; --;0.00%;0.0;0;0;0.00%;0.00%;1/11/2019; --;0.00%;0;0;0;0;1.0;0;
1614018411;FOX UAC MX;Target CPA;2/26/2019;67;8; --;37.50%;3.0;0;0;0.00%;11.94%;10/26/2018; --;0.00%;0;0;0;1881287;1.4;15050292;
1680860397;FOX UAC MX;Target CPA;2/26/2019;23136;931; --;25.96%;243.0;6;5;31.25%;4.02%;1/17/2019; --;35.29%;12007250;253885;237422;3041775;1.4;2831892985;
1662442764;FOX UAC MX;Target CPA;2/27/2019;81652;1095; --;14.52%;289.0;902;14;8.64%;1.34%;12/20/2018; --;60.58%;8959366;92543;1097119;3148017;1.9;3447078446;
1614511674;FOX UAC MX;Target CPA;2/27/2019;100062;2169; --;35.90%;779.0;1;0;0.00%;2.17%;10/26/2018; --;100.00%;25332046;107582;0;3916116;1.3;8494055537;
1676091351;FOX UAC MX;Target CPA;2/27/2019;1147;36; --;33.33%;12.0;0;0;0.00%;3.14%;1/11/2019; --;0.00%;29458818;0;0;6220174;1.1;223926257;
1614018411;FOX UAC MX;Target CPA;2/27/2019;4;0; --;0.00%;0.0;0;0;0.00%;0.00%;10/26/2018; --;0.00%;0;0;0;0;1.5;6;
1680860397;FOX UAC MX;Target CPA;2/27/2019;43571;1626; --;22.54%;433.0;301;66;9.61%;3.73%;1/17/2019; --;26.66%;5049944;265104;931379;3761922;1.2;6116885542;
1662442764;FOX UAC MX;Target CPA;2/28/2019;67078;851; --;7.91%;250.0;2321;16;7.11%;1.27%;12/20/2018; --;73.50%;8762769;72285;1297258;3265119;1.9;2778615995;
1614511674;FOX UAC MX;Target CPA;2/28/2019;56483;1303; --;37.53%;489.0;0;0;0.00%;2.31%;10/26/2018; --;0.00%;12753568;0;0;3992258;1.3;5201911764;
1676091351;FOX UAC MX;Target CPA;2/28/2019;3647;42; --;46.51%;20.0;1;0;0.00%;1.15%;1/11/2019; --;33.33%;25066138;120123;0;8835791;1.1;371103205;
1680860397;FOX UAC MX;Target CPA;2/28/2019;38136;1103; --;23.84%;309.0;197;48;12.12%;2.89%;1/17/2019; --;20.59%;1314330;264448;698545;2938887;1.2;3241592466;
1662442764;FOX UAC MX;Target CPA;3/1/2019;50259;877; --;9.58%;249.0;1735;32;14.55%;1.74%;12/20/2018; --;82.97%;9556325;66158;532002;3037327;2.1;2663735788;
1676091351;FOX UAC MX;Target CPA;3/1/2019;4505;23; --;25.93%;7.0;4;4;57.14%;0.51%;1/11/2019; --;57.14%;15077684;45765;45765;12805733;1.1;294531860;
1614018411;FOX UAC MX;Target CPA;3/1/2019;4;0; --;0.00%;0.0;1;1;100.00%;0.00%;10/26/2018; --;100.00%;0;6;6;0;2.5;6;
1680860397;FOX UAC MX;Target CPA;3/1/2019;42560;1140; --;23.65%;307.0;164;60;13.57%;2.68%;1/17/2019; --;28.13%;1147861;237868;555267;2793441;1.2;3184522271;
1614511674;FOX UAC MX;Target CPA;3/1/2019;26216;1064; --;36.47%;388.0;0;0;0.00%;4.06%;10/26/2018; --;0.00%;9753881;0;0;3956921;1.6;4210163915;
1662442764;FOX UAC MX;Target CPA;3/2/2019;66475;1129; --;13.75%;349.0;1417;16;17.39%;1.70%;12/20/2018; --;92.43%;24450840;56787;315999;2707449;2.0;3056709545;
1676091351;FOX UAC MX;Target CPA;3/2/2019;15149;98; --;22.22%;26.0;19;13;31.71%;0.65%;1/11/2019; --;46.34%;58286486;115676;169065;8658316;1.1;848514985;
1614018411;FOX UAC MX;Target CPA;3/2/2019;10;0; --;0.00%;0.0;0;0;0.00%;0.00%;10/26/2018; --;0.00%;0;0;0;0;3.1;28;
1680860397;FOX UAC MX;Target CPA;3/2/2019;16425;1397; --;25.12%;365.0;57;25;15.62%;8.51%;1/17/2019; --;35.62%;0;179756;409844;3348181;1.5;4677409081;
1614511674;FOX UAC MX;Target CPA;3/2/2019;37635;1430; --;38.74%;554.0;0;0;0.00%;3.80%;10/26/2018; --;0.00%;11888250;0;0;3789314;1.5;5418718908;
1662442764;FOX UAC MX;Target CPA;3/3/2019;54646;1067; --;15.59%;303.0;878;20;13.99%;1.95%;12/20/2018; --;87.45%;16905949;64869;423926;2990086;2.4;3190421274;
1614511674;FOX UAC MX;Target CPA;3/3/2019;34065;1453; --;34.27%;498.0;0;0;0.00%;4.27%;10/26/2018; --;0.00%;18045225;0;0;4731857;1.6;6875388462;
1676091351;FOX UAC MX;Target CPA;3/3/2019;20073;85; --;33.00%;33.0;15;8;17.39%;0.42%;1/11/2019; --;32.61%;27995959;125276;234893;12365847;1.1;1051096985;
1614018411;FOX UAC MX;Target CPA;3/3/2019;9;0; --;0.00%;0.0;0;0;0.00%;0.00%;10/26/2018; --;0.00%;0;0;0;0;3.7;0;
1680860397;FOX UAC MX;Target CPA;3/3/2019;17204;1267; --;26.11%;358.0;105;54;16.88%;7.36%;1/17/2019; --;32.61%;444990;206388;398764;2692382;1.6;3411248559;
1662442764;FOX UAC MX;Target CPA;3/4/2019;38329;711; --;19.50%;236.0;501;14;16.67%;1.85%;12/20/2018; --;87.43%;21716911;69199;451114;2845315;2.6;2023018611;
1614511674;FOX UAC MX;Target CPA;3/4/2019;28021;1014; --;38.66%;392.0;0;0;0.00%;3.62%;10/26/2018; --;0.00%;14043749;0;0;5694406;1.6;5774128046;
1676091351;FOX UAC MX;Target CPA;3/4/2019;10621;31; --;23.40%;11.0;16;7;16.28%;0.29%;1/11/2019; --;37.21%;20777650;129567;296153;10840628;1.1;336059480;
1614018411;FOX UAC MX;Target CPA;3/4/2019;1;0; --;0.00%;0.0;0;0;0.00%;0.00%;10/26/2018; --;0.00%;0;0;0;0;3.0;0;
1680860397;FOX UAC MX;Target CPA;3/4/2019;12066;726; --;26.59%;218.0;97;48;18.25%;6.02%;1/17/2019; --;36.47%;1845984;206944;408469;2471937;1.5;1794625937;
1662442764;FOX UAC MX;Target CPA;3/5/2019;41091;760; --;26.31%;241.0;156;7;14.89%;1.85%;12/20/2018; --;80.83%;11064004;68141;399997;3010833;3.1;2288233035;
1676091351;FOX UAC MX;Target CPA;3/5/2019;10442;53; --;18.18%;14.0;24;14;20.90%;0.51%;1/11/2019; --;35.82%;34741233;134136;229948;13001602;1.1;689084926;
1614018411;FOX UAC MX;Target CPA;3/5/2019;6;0; --;0.00%;0.0;0;0;0.00%;0.00%;10/26/2018; --;0.00%;0;0;0;0;4.5;0;
1680860397;FOX UAC MX;Target CPA;3/5/2019;20242;1075; --;31.68%;357.0;53;21;11.35%;5.31%;1/17/2019; --;28.49%;628517;213196;532678;3471891;1.3;3732282343;
1614511674;FOX UAC MX;Target CPA;3/5/2019;24352;952; --;38.13%;363.0;0;0;0.00%;3.91%;10/26/2018; --;0.00%;10637115;0;0;5807685;2.0;5528916012;
1662442764;FOX UAC MX;Target CPA;3/6/2019;46433;763; --;23.46%;221.0;180;7;12.50%;1.64%;12/20/2018; --;81.82%;15448109;74543;583648;3180388;3.1;2426636144;
1614511674;FOX UAC MX;Target CPA;3/6/2019;19837;802; --;38.28%;307.0;0;0;0.00%;4.04%;10/26/2018; --;0.00%;16461881;0;0;5635659;2.1;4519798398;
1676091351;FOX UAC MX;Target CPA;3/6/2019;14119;60; --;13.04%;12.0;33;19;18.81%;0.42%;1/11/2019; --;32.67%;29790680;120382;209084;12002578;1.1;720154683;
1614018411;FOX UAC MX;Target CPA;3/6/2019;2;0; --;0.00%;0.0;0;0;0.00%;0.00%;10/26/2018; --;0.00%;0;0;0;0;1.0;35;
1680860397;FOX UAC MX;Target CPA;3/6/2019;11852;916; --;23.91%;242.0;96;35;12.32%;7.73%;1/17/2019; --;33.45%;1322290;197188;530318;3892644;1.5;3565661817;
1662442764;FOX UAC MX;Target CPA;3/7/2019;31705;509; --;22.04%;149.0;167;2;4.55%;1.61%;12/20/2018; --;79.52%;17729028;72262;1617990;3344635;3.0;1702419160;
1676091351;FOX UAC MX;Target CPA;3/7/2019;15429;48; --;24.07%;13.0;6;3;21.43%;0.31%;1/11/2019; --;42.86%;25162372;77368;154736;10038706;1.1;481857906;
1614018411;FOX UAC MX;Target CPA;3/7/2019;4;0; --;0.00%;0.0;0;0;0.00%;0.00%;10/26/2018; --;0.00%;0;0;0;0;3.3;53;
1680860397;FOX UAC MX;Target CPA;3/7/2019;7577;589; --;24.71%;170.0;102;46;14.74%;7.77%;1/17/2019; --;32.59%;11683430;225641;496600;3327754;1.6;1960047290;
1614511674;FOX UAC MX;Target CPA;3/7/2019;16086;560; --;35.54%;199.0;0;0;0.00%;3.48%;10/26/2018; --;0.00%;3544729;0;0;6222875;1.9;3484809802;
1662442764;FOX UAC MX;Target CPA;3/8/2019;26620;421; --;18.96%;128.0;256;15;16.48%;1.58%;12/20/2018; --;77.11%;27517554;68097;312126;3408322;2.9;1434903595;
1614511674;FOX UAC MX;Target CPA;3/8/2019;15462;506; --;38.07%;193.0;1;0;0.00%;3.27%;10/26/2018; --;100.00%;2619013;404192;0;6058489;1.8;3065595579;
1676091351;FOX UAC MX;Target CPA;3/8/2019;11693;27; --;14.63%;6.0;14;5;11.36%;0.23%;1/11/2019; --;31.82%;18366924;186721;522818;10974819;1.1;296320120;
1614018411;FOX UAC MX;Target CPA;3/8/2019;2;0; --;0.00%;0.0;0;0;0.00%;0.00%;10/26/2018; --;0.00%;0;0;0;0;1.5;0;
1680860397;FOX UAC MX;Target CPA;3/8/2019;4848;320; --;20.75%;88.0;110;45;15.46%;6.60%;1/17/2019; --;37.67%;0;144566;353384;2899928;1.7;927976838;
1662442764;FOX UAC MX;Target CPA;3/9/2019;79151;874; --;19.29%;243.0;393;57;20.36%;1.10%;12/20/2018; --;63.80%;19703612;97452;375171;2416067;1.9;2111642232;
1614511674;FOX UAC MX;Target CPA;3/9/2019;41095;1312; --;34.45%;452.0;0;0;0.00%;3.19%;10/26/2018; --;0.00%;22450783;0;0;3252073;1.4;4266720254;
1676091351;FOX UAC MX;Target CPA;3/9/2019;19403;116; --;26.02%;32.0;7;2;22.22%;0.60%;1/11/2019; --;77.78%;69436751;50622;177179;9977598;1.1;1157401365;
1614018411;FOX UAC MX;Target CPA;3/9/2019;2;0; --;0.00%;0.0;0;0;0.00%;0.00%;10/26/2018; --;0.00%;0;0;0;0;2.0;0;
1680860397;FOX UAC MX;Target CPA;3/9/2019;54669;1022; --;1.02%;188.0;17744;9028;18.63%;1.87%;1/17/2019; --;36.62%;0;190164;373755;5093820;1.1;5205884380;
1662442764;FOX UAC MX;Target CPA;3/10/2019;67150;747; --;19.18%;193.0;263;6;17.14%;1.11%;12/20/2018; --;76.45%;12211133;62571;150745;2702702;2.3;2018918352;
1614511674;FOX UAC MX;Target CPA;3/10/2019;51196;1360; --;34.04%;463.0;0;0;0.00%;2.66%;10/26/2018; --;0.00%;11316081;0;0;4133505;1.4;5621567273;
1676091351;FOX UAC MX;Target CPA;3/10/2019;12840;60; --;28.36%;19.0;7;2;11.76%;0.47%;1/11/2019; --;41.18%;35500494;123847;433465;11947744;1.1;716864621;
1614018411;FOX UAC MX;Target CPA;3/10/2019;3;0; --;0.00%;0.0;0;0;0.00%;0.00%;10/26/2018; --;0.00%;0;0;0;0;3.3;6;
1680860397;FOX UAC MX;Target CPA;3/10/2019;76570;1091; --;1.74%;234.0;12695;6287;18.01%;1.42%;1/17/2019; --;36.36%;0;174566;352492;4203740;1.1;4586280014;
1662442764;FOX UAC MX;Target CPA;3/11/2019;33547;349; --;13.47%;92.0;334;8;36.36%;1.04%;12/20/2018; --;84.34%;15698683;60417;176050;3289972;2.8;1148200347;
1676091351;FOX UAC MX;Target CPA;3/11/2019;6645;30; --;18.18%;6.0;3;0;0.00%;0.45%;1/11/2019; --;50.00%;40924587;111307;0;18711531;1.1;561345934;
1680860397;FOX UAC MX;Target CPA;3/11/2019;5084;193; --;22.81%;60.0;73;31;13.19%;3.80%;1/17/2019; --;31.06%;0;190422;448412;3658706;1.4;706130277;
1614511674;FOX UAC MX;Target CPA;3/11/2019;24996;758; --;37.34%;283.0;0;0;0.00%;3.03%;10/26/2018; --;0.00%;6185593;0;0;5190995;1.8;3934773989;
1662442764;FOX UAC MX;Target CPA;3/12/2019;25778;393; --;19.16%;109.0;176;6;21.43%;1.52%;12/20/2018; --;87.56%;24952151;59112;141160;3173665;3.2;1247250406;
1676091351;FOX UAC MX;Target CPA;3/12/2019;12483;95; --;17.01%;25.0;52;26;21.14%;0.76%;1/11/2019; --;41.94%;78414604;134245;268489;13329204;1.1;1266274366;
1614018411;FOX UAC MX;Target CPA;3/12/2019;2;0; --;0.00%;0.0;0;0;0.00%;0.00%;10/26/2018; --;0.00%;0;0;0;0;4.0;0;
1680860397;FOX UAC MX;Target CPA;3/12/2019;7225;841; --;27.19%;236.0;28;12;13.64%;11.64%;1/17/2019; --;31.82%;0;59271;138300;6685310;1.3;5622345860;
1614511674;FOX UAC MX;Target CPA;3/12/2019;20986;846; --;40.07%;339.0;0;0;0.00%;4.03%;10/26/2018; --;0.00%;12519183;0;0;4944742;1.8;4183252078;
1662442764;FOX UAC MX;Target CPA;3/13/2019;18662;319; --;22.95%;115.0;183;12;16.90%;1.71%;12/20/2018; --;78.54%;20328005;56792;139349;3039280;3.6;969530471;
1614511674;FOX UAC MX;Target CPA;3/13/2019;19676;716; --;40.64%;291.0;0;0;0.00%;3.64%;10/26/2018; --;0.00%;17203850;0;0;4701951;2.1;3366596859;
1676091351;FOX UAC MX;Target CPA;3/13/2019;75301;277; --;0.09%;22.0;24817;13926;20.52%;0.37%;1/11/2019; --;36.56%;862191;162075;288827;16185114;1.0;4483276619;
1614018411;FOX UAC MX;Target CPA;3/13/2019;2;0; --;0.00%;0.0;1;1;50.00%;0.00%;10/26/2018; --;50.00%;0;12;12;0;1.0;12;
1680860397;FOX UAC MX;Target CPA;3/13/2019;7375;652; --;30.04%;207.0;38;20;16.81%;8.84%;1/17/2019; --;31.93%;0;36124;68635;5879560;1.4;3833473123;
1662442764;FOX UAC MX;Target CPA;3/14/2019;18540;244; --;14.37%;73.0;268;16;21.33%;1.32%;12/20/2018; --;84.81%;41849208;58131;146320;2616161;3.5;638343378;
1676091351;FOX UAC MX;Target CPA;3/14/2019;21288;123; --;0.24%;19.0;7768;4704;26.08%;0.58%;1/11/2019; --;43.06%;761142;147920;244270;11959961;1.0;1471075170;
1614018411;FOX UAC MX;Target CPA;3/14/2019;2;0; --;0.00%;0.0;0;0;0.00%;0.00%;10/26/2018; --;0.00%;0;0;0;0;2.0;0;
1680860397;FOX UAC MX;Target CPA;3/14/2019;2506;134; --;29.81%;48.0;27;14;18.92%;5.35%;1/17/2019; --;36.49%;0;60793;117244;3600215;1.9;482428786;
1614511674;FOX UAC MX;Target CPA;3/14/2019;14771;410; --;35.12%;144.0;0;0;0.00%;2.78%;10/26/2018; --;0.00%;6023633;0;0;2960749;2.2;1213907077;
1662442764;FOX UAC MX;Target CPA;3/15/2019;23274;239; --;21.16%;62.0;54;6;17.14%;1.03%;12/20/2018; --;72.97%;22420138;59110;180740;1882872;3.2;450006327;
1676091351;FOX UAC MX;Target CPA;3/15/2019;2024;22; --;1.89%;5.0;246;167;30.09%;1.09%;1/11/2019; --;44.32%;0;116571;171716;10776702;1.1;237087445;
1614018411;FOX UAC MX;Target CPA;3/15/2019;2;0; --;0.00%;0.0;0;0;0.00%;0.00%;10/26/2018; --;0.00%;0;0;0;0;2.5;0;
1680860397;FOX UAC MX;Target CPA;3/15/2019;1912;82; --;20.00%;21.0;23;13;28.26%;4.29%;1/17/2019; --;50.00%;0;35060;62030;3349357;2.0;274647301;
1614511674;FOX UAC MX;Target CPA;3/15/2019;12505;323; --;42.72%;138.0;0;0;0.00%;2.58%;10/26/2018; --;0.00%;15849806;0;0;3081100;2.3;995195143;
1662442764;FOX UAC MX;Target CPA;3/16/2019;29790;438; --;17.40%;118.0;242;31;17.13%;1.47%;12/20/2018; --;65.05%;17785471;63594;177235;1722248;3.0;754344750;
1614511674;FOX UAC MX;Target CPA;3/16/2019;15429;547; --;42.05%;230.0;0;0;0.00%;3.55%;10/26/2018; --;0.00%;13063670;0;0;2989397;2.0;1635199995;
1676091351;FOX UAC MX;Target CPA;3/16/2019;1421;30; --;20.00%;6.0;0;0;0.00%;2.11%;1/11/2019; --;0.00%;13226953;0;0;10941131;1.2;328233937;
1614018411;FOX UAC MX;Target CPA;3/16/2019;2;0; --;0.00%;0.0;1;1;100.00%;0.00%;10/26/2018; --;100.00%;0;6;6;0;2.5;6;
1680860397;FOX UAC MX;Target CPA;3/16/2019;11485;161; --;25.12%;52.0;46;18;12.77%;1.40%;1/17/2019; --;32.62%;0;58418;149289;2477264;1.4;398839482;
1662442764;FOX UAC MX;Target CPA;3/17/2019;50984;665; --;16.32%;166.0;355;20;11.49%;1.30%;12/20/2018; --;71.43%;11641293;61330;268414;1874564;2.2;1246584963;
1676091351;FOX UAC MX;Target CPA;3/17/2019;1821;43; --;39.53%;17.0;0;0;0.00%;2.36%;1/11/2019; --;0.00%;44948907;0;0;8679473;1.2;373217360;
1614018411;FOX UAC MX;Target CPA;3/17/2019;6;0; --;0.00%;0.0;1;1;33.33%;0.00%;10/26/2018; --;33.33%;0;86;86;0;1.7;86;
1680860397;FOX UAC MX;Target CPA;3/17/2019;3978;164; --;26.64%;61.0;65;34;25.00%;4.12%;1/17/2019; --;46.76%;11148038;50556;88425;2639901;2.1;432943727;
1614511674;FOX UAC MX;Target CPA;3/17/2019;22964;782; --;39.72%;311.0;1;0;0.00%;3.41%;10/26/2018; --;100.00%;10664899;34721;0;2843875;1.8;2223909977;
1662442764;FOX UAC MX;Target CPA;3/18/2019;63527;741; --;11.57%;167.0;706;17;16.50%;1.17%;12/20/2018; --;88.81%;17080489;60764;199886;1832457;2.5;1357850583;
1614511674;FOX UAC MX;Target CPA;3/18/2019;29667;641; --;35.73%;229.0;0;0;0.00%;2.16%;10/26/2018; --;0.00%;9291626;0;0;3025141;1.8;1939115230;
1676091351;FOX UAC MX;Target CPA;3/18/2019;1652;21; --;18.18%;4.0;1;1;100.00%;1.27%;1/11/2019; --;100.00%;0;5118;5118;7396434;1.2;155325118;
1614018411;FOX UAC MX;Target CPA;3/18/2019;6;0; --;0.00%;0.0;0;0;0.00%;0.00%;10/26/2018; --;0.00%;0;0;0;0;3.0;25;
1680860397;FOX UAC MX;Target CPA;3/18/2019;15395;187; --;25.65%;59.0;45;18;16.51%;1.21%;1/17/2019; --;39.82%;1346609;47988;111367;2088257;1.3;390504056;
1662442764;FOX UAC MX;Target CPA;3/19/2019;43577;539; --;15.33%;124.0;272;5;11.11%;1.24%;12/20/2018; --;86.62%;16433677;57075;235929;1911602;2.8;1030353539;
1676091351;FOX UAC MX;Target CPA;3/19/2019;1150;14; --;25.00%;4.0;2;0;0.00%;1.22%;1/11/2019; --;100.00%;20866495;95814;0;9343439;1.2;130808145;
1614018411;FOX UAC MX;Target CPA;3/19/2019;2;0; --;0.00%;0.0;0;0;0.00%;0.00%;10/26/2018; --;0.00%;0;0;0;0;5.0;0;
1680860397;FOX UAC MX;Target CPA;3/19/2019;4267;92; --;15.38%;18.0;25;8;14.04%;2.16%;1/17/2019; --;43.10%;3393152;32255;72802;2418569;1.8;222508388;
1614511674;FOX UAC MX;Target CPA;3/19/2019;24115;503; --;38.89%;196.0;1;0;0.00%;2.09%;10/26/2018; --;100.00%;8605931;91809;0;3162679;1.8;1590827757;
1662442764;FOX UAC MX;Target CPA;3/20/2019;39946;378; --;12.85%;79.0;239;4;16.67%;0.95%;12/20/2018; --;75.39%;8846703;57037;215100;2169653;3.1;820128907;
1614511674;FOX UAC MX;Target CPA;3/20/2019;19410;367; --;38.69%;142.0;0;0;0.00%;1.89%;10/26/2018; --;0.00%;9194353;0;0;3904690;1.8;1433021197;
1676091351;FOX UAC MX;Target CPA;3/20/2019;1367;13; --;38.46%;5.0;0;0;0.00%;0.95%;1/11/2019; --;0.00%;46262832;0;0;9685064;1.1;125905831;
1614018411;FOX UAC MX;Target CPA;3/20/2019;4;1; --;0.00%;0.0;1;1;100.00%;25.00%;10/26/2018; --;100.00%;0;6;6;440006;4.0;440006;
1680860397;FOX UAC MX;Target CPA;3/20/2019;2638;91; --;31.63%;31.0;7;1;3.70%;3.45%;1/17/2019; --;25.00%;1487265;90886;585635;1668786;2.4;151859529;
1662442764;FOX UAC MX;Target CPA;3/21/2019;43235;377; --;13.35%;90.0;300;5;22.73%;0.87%;12/20/2018; --;86.21%;15360625;85222;78453;2082417;3.0;785071350;
1614511674;FOX UAC MX;Target CPA;3/21/2019;19491;366; --;37.70%;138.0;0;0;0.00%;1.88%;10/26/2018; --;0.00%;10013387;0;0;2612407;1.8;956140852;
1676091351;FOX UAC MX;Target CPA;3/21/2019;1128;22; --;45.45%;10.0;0;0;0.00%;1.95%;1/11/2019; --;0.00%;59413491;0;0;7387254;1.2;162519588;
1614018411;FOX UAC MX;Target CPA;3/21/2019;1;0; --;0.00%;0.0;0;0;0.00%;0.00%;10/26/2018; --;0.00%;0;0;0;0;2.0;0;
1680860397;FOX UAC MX;Target CPA;3/21/2019;16671;168; --;29.31%;51.0;6;4;18.18%;1.01%;1/17/2019; --;27.27%;0;36078;54117;1585248;1.2;266321734;
1662442764;FOX UAC MX;Target CPA;3/22/2019;43235;434; --;19.37%;116.0;166;0;0.00%;1.00%;12/20/2018; --;93.26%;11887735;66072;0;1951341;3.2;846881848;
1676091351;FOX UAC MX;Target CPA;3/22/2019;1311;5; --;60.00%;3.0;0;0;0.00%;0.38%;1/11/2019; --;0.00%;0;0;0;8928000;1.1;44640000;
1614018411;FOX UAC MX;Target CPA;3/22/2019;156;0; --;0.00%;0.0;0;0;0.00%;0.00%;10/26/2018; --;0.00%;0;0;0;0;3.5;0;
1680860397;FOX UAC MX;Target CPA;3/22/2019;2835;164; --;28.92%;48.0;2;0;0.00%;5.78%;1/17/2019; --;25.00%;381161;231679;0;1589403;1.8;260662012;
1614511674;FOX UAC MX;Target CPA;3/22/2019;19881;410; --;34.15%;140.0;0;0;0.00%;2.06%;10/26/2018; --;0.00%;15126814;0;0;2273534;1.6;932149075;
1662442764;FOX UAC MX;Target CPA;3/23/2019;49789;542; --;16.71%;122.0;189;3;37.50%;1.09%;12/20/2018; --;89.57%;13870038;66338;44161;2082751;3.0;1128851275;
1676091351;FOX UAC MX;Target CPA;3/23/2019;1496;17; --;23.53%;4.0;0;0;0.00%;1.14%;1/11/2019; --;0.00%;39100707;0;0;8344060;1.1;141849023;
1614018411;FOX UAC MX;Target CPA;3/23/2019;322;2; --;50.00%;1.0;0;0;0.00%;0.62%;10/26/2018; --;0.00%;0;0;0;430000;3.6;860000;
1680860397;FOX UAC MX;Target CPA;3/23/2019;4479;257; --;28.90%;76.0;6;3;37.50%;5.74%;1/17/2019; --;75.00%;0;15514;31028;1488261;1.9;382483074;
1614511674;FOX UAC MX;Target CPA;3/23/2019;23613;557; --;36.96%;207.0;3;0;0.00%;2.36%;10/26/2018; --;37.50%;23203095;39891;0;3010535;1.6;1676868084;
1662442764;FOX UAC MX;Target CPA;3/24/2019;78415;810; --;17.86%;194.0;280;1;11.11%;1.03%;12/20/2018; --;90.03%;15318739;57128;795117;2355254;2.2;1907755695;
1614511674;FOX UAC MX;Target CPA;3/24/2019;23933;799; --;36.45%;292.0;2;0;0.00%;3.34%;10/26/2018; --;100.00%;25326004;168208;0;3218534;1.7;2571608350;
1676091351;FOX UAC MX;Target CPA;3/24/2019;1623;20; --;30.00%;6.0;0;0;0.00%;1.23%;1/11/2019; --;0.00%;14006529;0;0;5690657;1.2;113813134;
1614018411;FOX UAC MX;Target CPA;3/24/2019;332;3; --;33.33%;1.0;0;0;0.00%;0.90%;10/26/2018; --;0.00%;0;0;0;295332;3.5;885995;
1680860397;FOX UAC MX;Target CPA;3/24/2019;24546;313; --;28.16%;89.0;3;0;0.00%;1.28%;1/17/2019; --;33.33%;0;37222;0;1790577;1.1;560450527;
1662442764;FOX UAC MX;Target CPA;3/25/2019;75429;683; --;18.74%;170.0;228;2;33.33%;0.91%;12/20/2018; --;96.20%;13176893;56656;96511;2589875;2.5;1768884431;
1614511674;FOX UAC MX;Target CPA;3/25/2019;17549;439; --;40.09%;176.0;0;0;0.00%;2.50%;10/26/2018; --;0.00%;16982135;0;0;3740330;1.9;1642004992;
1676091351;FOX UAC MX;Target CPA;3/25/2019;1143;18; --;21.05%;4.0;1;0;0.00%;1.57%;1/11/2019; --;100.00%;83090973;86210;0;8500829;1.2;153014928;
1614018411;FOX UAC MX;Target CPA;3/25/2019;720;1; --;0.00%;0.0;0;0;0.00%;0.14%;10/26/2018; --;0.00%;0;0;0;420000;3.3;420000;
1680860397;FOX UAC MX;Target CPA;3/25/2019;5280;200; --;35.15%;71.0;3;3;42.86%;3.79%;1/17/2019; --;42.86%;0;35792;35792;2037619;1.5;407523884;
1662442764;FOX UAC MX;Target CPA;3/26/2019;70538;607; --;16.69%;134.0;197;1;33.33%;0.86%;12/20/2018; --;92.92%;15941043;55432;191787;2373274;2.7;1440577300;
1614511674;FOX UAC MX;Target CPA;3/26/2019;15411;287; --;36.24%;104.0;0;0;0.00%;1.86%;10/26/2018; --;0.00%;24647414;0;0;3860638;1.9;1108003011;
1676091351;FOX UAC MX;Target CPA;3/26/2019;1012;17; --;23.53%;4.0;0;0;0.00%;1.68%;1/11/2019; --;0.00%;82673343;0;0;7915572;1.2;134564730;
1614018411;FOX UAC MX;Target CPA;3/26/2019;103;1; --;0.00%;0.0;0;0;0.00%;0.97%;10/26/2018; --;0.00%;0;0;0;440000;3.3;440000;
1680860397;FOX UAC MX;Target CPA;3/26/2019;2696;197; --;29.56%;60.0;6;5;41.67%;7.31%;1/17/2019; --;50.00%;0;33854;40625;1844011;2.0;363270167;
1662442764;FOX UAC MX;Target CPA;3/27/2019;58939;564; --;16.95%;119.0;140;0;0.00%;0.96%;12/20/2018; --;90.91%;19077592;54874;0;2204336;2.7;1243245635;
1676091351;FOX UAC MX;Target CPA;3/27/2019;965;10; --;10.00%;1.0;0;0;0.00%;1.04%;1/11/2019; --;0.00%;18319378;0;0;6137682;1.2;61376824;
1614018411;FOX UAC MX;Target CPA;3/27/2019;1286;39; --;28.89%;13.0;6;1;33.33%;3.03%;10/26/2018; --;37.50%;3161167;417765;97704;3065239;1.2;119544334;
1680860397;FOX UAC MX;Target CPA;3/27/2019;2462;122; --;31.25%;40.0;6;4;50.00%;4.96%;1/17/2019; --;75.00%;0;1206;1809;1546153;1.8;188630681;
1614511674;FOX UAC MX;Target CPA;3/27/2019;12851;245; --;38.78%;95.0;0;0;0.00%;1.91%;10/26/2018; --;0.00%;29597158;0;0;4602496;1.8;1127611503;
1662442764;FOX UAC MX;Target CPA;3/28/2019;77111;545; --;15.48%;113.0;186;3;13.64%;0.71%;12/20/2018; --;87.74%;8584484;61304;357671;2253438;2.8;1228123739;
1676091351;FOX UAC MX;Target CPA;3/28/2019;499;12; --;33.33%;4.0;0;0;0.00%;2.40%;1/11/2019; --;0.00%;181522217;0;0;7954014;1.2;95448164;
1614018411;FOX UAC MX;Target CPA;3/28/2019;4024;308; --;35.39%;109.0;0;0;0.00%;7.65%;10/26/2018; --;0.00%;366627;0;0;2130951;1.5;656332953;
1680860397;FOX UAC MX;Target CPA;3/28/2019;1220;67; --;27.14%;19.0;3;2;20.00%;5.49%;1/17/2019; --;30.00%;0;80627;120941;1102697;1.9;73880705;
1614511674;FOX UAC MX;Target CPA;3/28/2019;8481;149; --;30.87%;46.0;0;0;0.00%;1.76%;10/26/2018; --;0.00%;25007054;0;0;2697553;1.9;401935391;
1662442764;FOX UAC MX;Target CPA;3/29/2019;113256;564; --;16.38%;113.0;127;1;7.14%;0.50%;12/20/2018; --;85.23%;31120134;61717;798683;1959187;2.3;1104981698;
1676091351;FOX UAC MX;Target CPA;3/29/2019;402;6; --;50.00%;3.0;0;0;0.00%;1.49%;1/11/2019; --;0.00%;70378922;0;0;7583929;1.2;45503576;
1614018411;FOX UAC MX;Target CPA;3/29/2019;9040;822; --;29.33%;242.0;3;1;20.00%;9.09%;10/26/2018; --;18.75%;11707831;72315;127760;1774912;1.7;1458977932;
1680860397;FOX UAC MX;Target CPA;3/29/2019;11196;23; --;24.00%;6.0;2;1;20.00%;0.21%;1/17/2019; --;40.00%;0;202405;404810;2213253;1.1;50904810;
1614511674;FOX UAC MX;Target CPA;3/29/2019;5872;87; --;40.23%;35.0;0;0;0.00%;1.48%;10/26/2018; --;0.00%;14545526;0;0;1805331;1.9;157063764;
1662442764;FOX UAC MX;Target CPA;3/30/2019;69415;467; --;14.60%;99.0;212;0;0.00%;0.67%;12/20/2018; --;83.79%;29466847;66454;0;2023063;2.8;944770512;
1614511674;FOX UAC MX;Target CPA;3/30/2019;12043;142; --;39.44%;56.0;0;0;0.00%;1.18%;10/26/2018; --;0.00%;8686687;0;0;1805485;1.4;256378873;
1676091351;FOX UAC MX;Target CPA;3/30/2019;496;20; --;30.00%;6.0;0;0;0.00%;4.03%;1/11/2019; --;0.00%;0;0;0;9196500;1.2;183930000;
1614018411;FOX UAC MX;Target CPA;3/30/2019;19289;1870; --;30.03%;564.0;8;0;0.00%;9.69%;10/26/2018; --;28.57%;123958657;552758;0;1788218;1.7;3343967643;
1680860397;FOX UAC MX;Target CPA;3/30/2019;6169;10; --;8.33%;1.0;2;0;0.00%;0.16%;1/17/2019; --;33.33%;5540833;127232;0;2788446;1.2;27884464;
1662442764;FOX UAC MX;Target CPA;3/31/2019;70743;537; --;9.94%;99.0;459;0;0.00%;0.76%;12/20/2018; --;90.35%;10479093;62481;0;2165505;2.9;1162876430;
1614511674;FOX UAC MX;Target CPA;3/31/2019;10619;125; --;34.40%;43.0;0;0;0.00%;1.18%;10/26/2018; --;0.00%;14610078;0;0;2023379;1.4;252922358;
1676091351;FOX UAC MX;Target CPA;3/31/2019;867;37; --;21.05%;8.0;1;0;0.00%;4.27%;1/11/2019; --;100.00%;18694903;128577;0;7698787;1.2;284855117;
1614018411;FOX UAC MX;Target CPA;3/31/2019;57056;2366; --;28.93%;688.0;13;1;33.33%;4.15%;10/26/2018; --;23.21%;25629114;227818;39913;2253924;1.2;5332783886;
1680860397;FOX UAC MX;Target CPA;3/31/2019;975;4; --;25.00%;1.0;0;0;0.00%;0.41%;1/17/2019; --;0.00%;0;0;0;3006164;2.0;12024655;
1662442764;FOX UAC MX;Target CPA;4/1/2019;27807;165; --;8.44%;32.0;214;0;0.00%;0.59%;12/20/2018; --;95.11%;13143789;57541;0;2058253;2.5;339611692;
1614511674;FOX UAC MX;Target CPA;4/1/2019;2109;28; --;28.57%;8.0;0;0;0.00%;1.33%;10/26/2018; --;0.00%;0;0;0;749105;1.6;20974926;
1676091351;FOX UAC MX;Target CPA;4/1/2019;267;4; --;0.00%;0.0;0;0;0.00%;1.50%;1/11/2019; --;0.00%;0;0;0;7802500;1.2;31210000;
1614018411;FOX UAC MX;Target CPA;4/1/2019;32396;729; --;26.80%;197.0;6;0;0.00%;2.25%;10/26/2018; --;22.22%;17091909;250681;0;2087290;1.1;1521634088;
1680860397;FOX UAC MX;Target CPA;4/1/2019;168;0; --;0.00%;0.0;0;0;0.00%;0.00%;1/17/2019; --;0.00%;0;0;0;0;3.2;0;
